video_number,fb_status,fb_video_id,publish_time,published_at,fb_error
2,failed,,2026-09-15T12:00:00,2026-09-24T08:28:51.131533,Facebook publish failed - see run logs
2,published,1419443213618071,2026-09-15T12:00:00,2026-09-24T08:39:42.515271,
3,published,2128253214451584,2026-09-24T14:15:00,2026-09-24T18:25:53.601269,
4,published,1614034720301528,2026-09-24T17:15:00,2026-09-24T18:26:10.687104,
5,published,1312796921924339,2026-09-24T20:15:00,2026-09-24T21:50:19.074722,
6,published,1823203888822595,2026-09-24T23:15:00,2026-09-25T00:33:49.986151,
7,published,2321281652037700,2026-09-25T02:15:00,2026-09-25T05:25:51.293921,
8,published,1790380138818768,2026-09-25T05:15:00,2026-09-25T05:26:16.853505,
9,published,1778993140060447,2026-09-25T08:15:00,2026-09-25T10:34:54.136541,
10,published,1611953607376821,2026-09-25T11:15:00,2026-09-25T15:35:01.452666,
11,published,1563441188594132,2026-09-25T14:15:00,2026-09-25T15:35:23.679334,
12,published,4555716454757166,2026-09-25T17:15:00,2026-09-25T19:34:34.733248,
13,published,2189450088653314,2026-09-25T20:15:00,2026-09-25T22:50:09.614710,
14,published,2171162476772375,2026-09-25T23:15:00,2026-09-26T01:35:04.456651,
15,published,4646195882331165,2026-09-26T02:15:00,2026-09-26T06:38:31.230434,
16,published,3629080980591239,2026-09-26T05:15:00,2026-09-26T06:38:46.696869,
17,published,3619337214900362,2026-09-26T08:15:00,2026-09-26T11:49:34.268443,
18,published,1401037788782304,2026-09-26T11:15:00,2026-09-26T11:49:47.950748,
19,published,1950899769203193,2026-09-26T14:15:00,2026-09-26T16:24:19.257402,
20,published,1873701790267297,2026-09-26T17:15:00,2026-09-26T19:24:41.456022,
21,published,917912031118877,2026-09-26T20:15:00,2026-09-26T22:12:43.978462,
22,published,1589282942664790,2026-09-26T23:15:00,2026-09-27T00:40:01.423602,
23,published,2136569187246769,2026-09-27T02:15:00,2026-09-27T05:48:46.068917,
24,published,1743825930173691,2026-09-27T05:15:00,2026-09-27T05:49:00.028584,
25,published,1079454838119711,2026-09-27T08:15:00,2026-09-27T12:03:21.616764,
26,published,2338394130245929,2026-09-27T11:15:00,2026-09-27T12:03:38.845439,
27,published,1763889614822611,2026-09-27T14:15:00,2026-09-27T16:58:56.826043,
28,published,1055582814012304,2026-09-27T17:15:00,2026-09-27T20:09:09.786773,
29,published,4577687039171502,2026-09-27T20:15:00,2026-09-27T23:03:52.897734,
30,published,4070709656392617,2026-09-27T23:15:00,2026-09-28T01:40:16.869891,
31,published,2564486200629234,2026-09-28T02:15:00,2026-09-28T07:40:13.368033,
32,published,1802056961013315,2026-09-28T05:15:00,2026-09-28T07:40:32.418104,
33,published,1662530558777225,2026-09-28T08:15:00,2026-09-28T15:59:53.282197,
34,published,970920369385672,2026-09-28T11:15:00,2026-09-28T16:00:10.325909,
35,published,1637751034653650,2026-09-28T14:15:00,2026-09-28T16:00:27.554236,
36,published,1444393177541755,2026-09-28T17:15:00,2026-09-28T22:01:35.999414,
37,published,1349356110386439,2026-09-28T20:15:00,2026-09-28T22:01:58.262338,
38,published,1080224801467058,2026-09-28T23:15:00,2026-09-29T01:58:15.247750,
39,published,1716333382766230,2026-09-29T02:15:00,2026-09-29T08:31:48.135156,
40,published,4520744094913120,2026-09-29T05:15:00,2026-09-29T08:32:12.029814,
41,published,1481904147322266,2026-09-29T08:15:00,2026-09-29T08:32:31.213116,
42,published,2555674814879802,2026-09-29T11:15:00,2026-09-29T15:06:18.590716,
43,published,1656344129156689,2026-09-29T14:15:00,2026-09-29T15:06:36.928182,
44,published,1557075459049467,2026-09-29T17:15:00,2026-09-29T19:59:50.249727,
45,published,1423788093209666,2026-09-29T20:15:00,2026-09-29T23:44:18.996387,
46,published,977599075377929,2026-09-29T23:15:00,2026-09-29T23:44:44.696391,
47,published,1446284677653329,2026-09-30T02:15:00,2026-09-30T02:27:45.618828,
48,published,1126599516715556,2026-09-30T05:15:00,2026-09-30T09:02:57.485229,
49,published,1080004044876831,2026-09-30T08:15:00,2026-09-30T09:04:06.870034,
50,published,1500606888765759,2026-09-30T11:15:00,2026-09-30T15:55:48.436398,
51,published,3523558231148345,2026-09-30T14:15:00,2026-09-30T15:56:04.205208,
52,published,1100210036197553,2026-09-30T17:15:00,2026-09-30T20:49:37.529106,
53,published,1443398084344703,2026-09-30T20:15:00,2026-09-30T20:49:54.898592,
54,published,1104190788648615,2026-09-30T23:15:00,2026-10-01T00:33:44.573478,
55,published,1082073551410191,2026-10-01T02:15:00,2026-10-01T06:34:29.007057,
56,published,2340378370031987,2026-10-01T05:15:00,2026-10-01T06:34:44.022739,
57,published,2650472615390430,2026-10-01T08:15:00,2026-10-01T13:55:47.881470,
58,published,965122999331232,2026-10-01T11:15:00,2026-10-01T13:56:04.524022,
59,published,1056598067432584,2026-10-01T14:15:00,2026-10-01T19:32:18.219313,
60,published,1108996234837789,2026-10-01T17:15:00,2026-10-01T19:32:33.406431,
61,published,1580144460515623,2026-10-01T20:15:00,2026-10-01T23:26:03.063559,
62,published,2149750905964167,2026-10-01T23:15:00,2026-10-01T23:26:22.494153,
63,published,1827166161607450,2026-10-02T02:15:00,2026-10-02T02:35:28.477977,
64,published,1122323783695848,2026-10-02T05:15:00,2026-10-02T09:01:44.268456,
65,published,1669985991364038,2026-10-02T08:15:00,2026-10-02T09:02:05.644126,
66,published,1735718767501795,2026-10-02T11:15:00,2026-10-02T15:50:08.670627,
67,published,1115228860967295,2026-10-02T14:15:00,2026-10-02T15:50:26.539920,
68,published,2650411275409520,2026-10-02T17:15:00,2026-10-02T20:45:51.238154,
69,published,2231559140722986,2026-10-02T20:15:00,2026-10-02T20:46:07.174001,
70,published,1080904771532357,2026-10-02T23:15:00,2026-10-03T00:30:51.660561,
71,published,4076753382617604,2026-10-03T02:15:00,2026-10-03T05:46:42.842472,
72,published,2127182698171383,2026-10-03T05:15:00,2026-10-03T05:46:55.813061,
73,published,1082652204739821,2026-10-03T08:15:00,2026-10-03T11:40:16.426652,
74,published,1259394229688522,2026-10-03T11:15:00,2026-10-03T11:40:30.166113,
75,published,4769104586684002,2026-10-03T14:15:00,2026-10-03T15:14:51.981589,
76,published,1080028378132039,2026-10-03T17:15:00,2026-10-03T18:43:52.811623,
77,published,1852121809279613,2026-10-03T20:15:00,2026-10-03T21:48:45.023144,
78,published,3655038027983019,2026-10-03T23:15:00,2026-10-04T00:38:01.943057,
79,published,2272690206797947,2026-10-04T02:15:00,2026-10-04T06:22:46.488968,
80,published,2100776360537018,2026-10-04T05:15:00,2026-10-04T06:23:07.018104,
81,published,1683824239974076,2026-10-04T08:15:00,2026-10-04T12:52:22.424244,
82,published,1114786861096892,2026-10-04T11:15:00,2026-10-04T12:52:40.152689,
83,published,2553718875109220,2026-10-04T14:15:00,2026-10-04T17:35:03.737039,
84,published,29199775189615519,2026-10-04T17:15:00,2026-10-04T17:35:19.931943,
85,published,2963811273952398,2026-10-04T20:15:00,2026-10-04T20:28:06.808507,
86,published,1617616300160157,2026-10-04T23:15:00,2026-10-04T23:36:41.193458,
87,published,1058291547207009,2026-10-05T02:15:00,2026-10-05T02:25:00.880111,
88,published,1609732180610722,2026-10-05T05:15:00,2026-10-05T09:37:28.716048,
89,published,1149249994113684,2026-10-05T08:15:00,2026-10-05T09:37:52.432230,
90,published,3501397210041476,2026-10-05T11:15:00,2026-10-05T18:50:54.803254,
91,published,976442695498209,2026-10-05T14:15:00,2026-10-05T18:51:06.801367,
92,published,2133594500571992,2026-10-05T17:15:00,2026-10-05T18:51:24.520070,
93,published,2076777809648615,2026-10-05T20:15:00,2026-10-06T00:49:47.790569,
94,published,28973872692206627,2026-10-05T23:15:00,2026-10-06T00:50:02.932225,
95,published,1098028562825461,2026-10-06T02:15:00,2026-10-06T07:35:33.526860,
96,published,1113507671261815,2026-10-06T05:15:00,2026-10-06T07:35:51.703101,
97,published,973881721749881,2026-10-06T08:15:00,2026-10-06T14:28:59.268188,
98,published,2334358197313012,2026-10-06T11:15:00,2026-10-06T14:29:15.382372,
99,published,1068310419537227,2026-10-06T14:15:00,2026-10-06T14:29:30.492000,
100,published,1758419818795898,2026-10-06T17:15:00,2026-10-06T19:50:56.609721,
101,published,1413621536959809,2026-10-06T20:15:00,2026-10-06T23:49:05.796112,
102,published,1655048256134799,2026-10-06T23:15:00,2026-10-06T23:49:21.532336,
103,published,1581090683767339,2026-10-07T02:15:00,2026-10-07T06:00:18.387629,
104,published,1451764490162969,2026-10-07T05:15:00,2026-10-07T06:00:33.080400,
105,published,1156257246828512,2026-10-07T08:15:00,2026-10-07T13:24:32.588840,
106,published,1565503114902335,2026-10-07T11:15:00,2026-10-07T13:24:45.886511,
107,published,1099382089736720,2026-10-07T14:15:00,2026-10-07T19:32:42.543633,
108,published,1599283891689875,2026-10-07T17:15:00,2026-10-07T19:32:57.307879,
109,published,1640170580800596,2026-10-07T20:15:00,2026-10-07T23:50:41.336987,
110,published,1850183319684070,2026-10-07T23:15:00,2026-10-07T23:50:54.674334,
111,published,2194029224883393,2026-10-08T02:15:00,2026-10-08T06:05:00.547507,
112,published,1667366374730089,2026-10-08T05:15:00,2026-10-08T06:05:17.124332,
113,published,2214223425973967,2026-10-08T08:15:00,2026-10-08T13:30:29.806683,
114,published,929345966637901,2026-10-08T11:15:00,2026-10-08T13:30:45.684249,
115,published,1469560768557014,2026-10-08T14:15:00,2026-10-08T19:27:59.433542,
116,published,4556164121305319,2026-10-08T17:15:00,2026-10-08T19:28:14.939674,
117,published,2898706603849332,2026-10-08T20:15:00,2026-10-08T23:58:09.429846,
118,published,1353306653348517,2026-10-08T23:15:00,2026-10-08T23:58:24.720324,
119,published,941141965344028,2026-10-09T02:15:00,2026-10-09T06:09:34.990928,
120,published,1077952364840597,2026-10-09T05:15:00,2026-10-09T06:09:53.273271,
121,published,1454693003221516,2026-10-09T08:15:00,2026-10-09T13:18:17.536219,
122,published,973379368461930,2026-10-09T11:15:00,2026-10-09T13:18:47.895514,
123,published,1829727748230169,2026-10-09T14:15:00,2026-10-09T19:01:04.861101,
124,published,2173847059862640,2026-10-09T17:15:00,2026-10-09T19:01:22.672796,
125,published,28802709366007622,2026-10-09T20:15:00,2026-10-09T23:16:25.244497,
126,published,953452747824058,2026-10-09T23:15:00,2026-10-09T23:16:41.362630,
127,published,1810646409956440,2026-10-10T02:15:00,2026-10-10T02:47:00.058853,
128,published,4611655465746886,2026-10-10T05:15:00,2026-10-10T09:51:19.461496,
129,published,1106574175284724,2026-10-10T08:15:00,2026-10-10T09:51:39.525390,
130,published,1837602920570246,2026-10-10T11:15:00,2026-10-10T15:52:55.027430,
131,published,3019490841721024,2026-10-10T14:15:00,2026-10-10T15:53:07.344355,
