video_number,ig_status,ig_container_id,publish_time,published_at,ig_error
3,published,17947514688331828,2026-09-24T14:15:00,2026-09-24T18:16:20.558382,
4,published,17947514847331828,2026-09-24T17:15:00,2026-09-24T18:17:17.901236,
5,published,17947535061331828,2026-09-24T20:15:00,2026-09-24T21:43:35.364672,
6,published,17947547607331828,2026-09-24T23:15:00,2026-09-25T00:19:07.662343,
7,published,17947573551331828,2026-09-25T02:15:00,2026-09-25T05:14:09.660981,
8,published,17947601184331828,2026-09-25T05:15:00,2026-09-25T10:26:30.471815,
9,published,17947601346331828,2026-09-25T08:15:00,2026-09-25T10:27:28.840676,
10,published,17947641915331828,2026-09-25T11:15:00,2026-09-25T15:27:39.743809,
11,published,17947642221331828,2026-09-25T14:15:00,2026-09-25T15:28:37.974469,
12,published,17947674390331828,2026-09-25T17:15:00,2026-09-25T19:28:17.853205,
13,published,17947708032331828,2026-09-25T20:15:00,2026-09-25T22:44:20.631019,
14,published,17947721496331828,2026-09-25T23:15:00,2026-09-26T01:15:01.379669,
15,published,17947756656331828,2026-09-26T02:15:00,2026-09-26T06:27:59.558875,
16,published,17947756836331828,2026-09-26T05:15:00,2026-09-26T06:28:56.066352,
17,published,17947785846331828,2026-09-26T08:15:00,2026-09-26T11:44:05.687330,
18,published,17947786098331828,2026-09-26T11:15:00,2026-09-26T11:45:23.010560,
19,published,17947819275331828,2026-09-26T14:15:00,2026-09-26T15:56:09.006230,
20,published,17947844097331828,2026-09-26T17:15:00,2026-09-26T19:05:58.028327,
21,published,17947861998331828,2026-09-26T20:15:00,2026-09-26T22:07:05.478306,
22,published,17947874226331828,2026-09-26T23:15:00,2026-09-27T00:47:59.650363,
23,published,17947910430331828,2026-09-27T02:15:00,2026-09-27T06:19:51.988797,
24,published,17947910589331828,2026-09-27T05:15:00,2026-09-27T06:20:39.860493,
25,published,17947954785331828,2026-09-27T08:15:00,2026-09-27T12:19:33.347564,
26,published,17947955121331828,2026-09-27T11:15:00,2026-09-27T12:20:31.871704,
27,published,17947995180331828,2026-09-27T14:15:00,2026-09-27T17:10:30.491195,
28,published,17948015964331828,2026-09-27T17:15:00,2026-09-27T20:19:29.253758,
29,published,17948016129331828,2026-09-27T20:15:00,2026-09-27T20:21:11.427774,
30,published,17948032560331828,2026-09-27T23:15:00,2026-09-27T23:18:08.095205,
31,published,17948080065331828,2026-09-28T02:15:00,2026-09-28T08:19:35.185163,
32,published,17948080233331828,2026-09-28T05:15:00,2026-09-28T08:20:23.414573,
33,published,17948080395331828,2026-09-28T08:15:00,2026-09-28T08:21:22.147877,
34,published,17948144292331828,2026-09-28T11:15:00,2026-09-28T16:55:42.057918,
35,published,17948144508331828,2026-09-28T14:15:00,2026-09-28T16:56:50.058662,
36,published,17948178984331828,2026-09-28T17:15:00,2026-09-28T22:26:26.660535,
37,published,17948179167331828,2026-09-28T20:15:00,2026-09-28T22:27:25.308436,
38,published,17948198859331828,2026-09-28T23:15:00,2026-09-29T02:12:16.076457,
39,published,17948237211331828,2026-09-29T02:15:00,2026-09-29T08:54:09.601501,
40,published,17948237418331828,2026-09-29T05:15:00,2026-09-29T08:55:46.644921,
41,published,17948237847331828,2026-09-29T08:15:00,2026-09-29T08:56:44.375065,
